dates,incrementalcount_medicalconditionincident_covid_19_confirmedcase
2020-01-03,0
2020-01-04,0
2020-01-05,0
2020-01-06,0
2020-01-07,0
2020-01-08,0
2020-01-09,0
2020-01-10,0
2020-01-11,0
2020-01-12,0
2020-01-13,0
2020-01-14,0
2020-01-15,0
2020-01-16,0
2020-01-17,0
2020-01-18,0
2020-01-19,0
2020-01-20,0
2020-01-21,0
2020-01-22,0
2020-01-23,0
2020-01-24,0
2020-01-25,0
2020-01-26,0
2020-01-27,5
2020-01-28,-4
2020-01-29,4
2020-01-30,0
2020-01-31,0
2020-02-01,0
2020-02-02,0
2020-02-03,0
2020-02-04,0
2020-02-05,0
2020-02-06,0
2020-02-07,0
2020-02-08,0
2020-02-09,0
2020-02-10,0
2020-02-11,0
2020-02-12,0
2020-02-13,0
2020-02-14,0
2020-02-15,0
2020-02-16,0
2020-02-17,0
2020-02-18,0
2020-02-19,0
2020-02-20,0
2020-02-21,0
2020-02-22,0
2020-02-23,0
2020-02-24,0
2020-02-25,0
2020-02-26,0
2020-02-27,0
2020-02-28,0
2020-02-29,0
2020-03-01,0
2020-03-02,0
2020-03-03,0
2020-03-04,0
2020-03-05,0
2020-03-06,0
2020-03-07,0
2020-03-08,0
2020-03-09,0
2020-03-10,0
2020-03-11,-3
2020-03-12,1
2020-03-13,4
2020-03-14,-1
2020-03-15,5
2020-03-16,8
2020-03-17,10
2020-03-18,13
2020-03-19,11
2020-03-20,13
2020-03-21,6
2020-03-22,10
2020-03-23,12
2020-03-24,3
2020-03-25,5
2020-03-26,0
2020-03-27,4
2020-03-28,0
2020-03-29,9
2020-03-30,5
2020-03-31,2
2020-04-01,21
2020-04-02,5
2020-04-03,3
2020-04-04,8
2020-04-05,7
2020-04-06,10
2020-04-07,4
2020-04-08,6
2020-04-09,3
2020-04-10,1
2020-04-11,7
2020-04-12,2
2020-04-13,11
2020-04-14,8
2020-04-15,15
2020-04-16,5
2020-04-17,0
2020-04-18,6
2020-04-19,10
2020-04-20,17
2020-04-21,33
2020-04-22,6
2020-04-23,20
2020-04-24,38
2020-04-25,52
2020-04-26,40
2020-04-27,63
2020-04-28,65
2020-04-29,31
2020-04-30,30
2020-05-01,16
2020-05-02,25
2020-05-03,15
2020-05-04,13
2020-05-05,37
2020-05-06,16
2020-05-07,26
2020-05-08,27
2020-05-09,11
2020-05-10,12
2020-05-11,16
2020-05-12,26
2020-05-13,26
2020-05-14,10
2020-05-15,10
2020-05-16,25
2020-05-17,21
2020-05-18,11
2020-05-19,35
2020-05-20,1
2020-05-21,27
2020-05-22,13
2020-05-23,21
2020-05-24,52
2020-05-25,41
2020-05-26,137
2020-05-27,150
2020-05-28,61
2020-05-29,28
2020-05-30,62
2020-05-31,13
2020-06-01,10
2020-06-02,40
2020-06-03,66
2020-06-04,48
2020-06-05,4
2020-06-06,13
2020-06-07,21
2020-06-08,22
2020-06-09,2
2020-06-10,10
2020-06-11,8
2020-06-12,3
2020-06-13,4
2020-06-14,5
2020-06-15,16
2020-06-16,10
2020-06-17,9
2020-06-18,23
2020-06-19,3
2020-06-20,0
2020-06-21,0
2020-06-22,1
2020-06-23,40
2020-06-24,10
2020-06-25,9
2020-06-26,4
2020-06-27,19
2020-06-28,4
2020-06-29,5
2020-06-30,5
2020-07-01,7
2020-07-02,12
2020-07-03,3
2020-07-04,5
2020-07-05,2
2020-07-06,1
2020-07-07,4
2020-07-08,13
2020-07-09,60
2020-07-10,300
2020-07-11,57
2020-07-12,106
2020-07-13,29
2020-07-14,19
2020-07-15,9
2020-07-16,13
2020-07-17,10
2020-07-18,7
2020-07-19,20
2020-07-20,6
2020-07-21,0
2020-07-22,22
2020-07-23,1
2020-07-24,11
2020-07-25,6
2020-07-26,12
2020-07-27,23
2020-07-28,5
2020-07-29,0
2020-07-30,4
2020-07-31,1
2020-08-01,0
2020-08-02,8
2020-08-03,5
2020-08-04,6
2020-08-05,5
2020-08-06,0
2020-08-07,0
2020-08-08,2
2020-08-09,3
2020-08-10,0
2020-08-11,27
2020-08-12,9
2020-08-13,1
2020-08-14,1
2020-08-15,4
2020-08-16,4
2020-08-17,3
2020-08-18,7
2020-08-19,2
2020-08-20,0
2020-08-21,16
2020-08-22,23
2020-08-23,6
2020-08-24,6
2020-08-25,6
2020-08-26,12
2020-08-27,13
2020-08-28,4
2020-08-29,7
2020-08-30,17
2020-08-31,37
2020-09-01,43
2020-09-02,9
2020-09-03,10
2020-09-04,4
2020-09-05,6
2020-09-06,2
2020-09-07,0
2020-09-08,17
2020-09-09,7
2020-09-10,8
2020-09-11,14
2020-09-12,26
2020-09-13,39
2020-09-14,28
2020-09-15,9
2020-09-16,0
2020-09-17,5
2020-09-18,5
2020-09-19,2
2020-09-20,4
2020-09-21,12
2020-09-22,14
2020-09-23,11
2020-09-24,9
2020-09-25,12
2020-09-26,4
2020-09-27,11
2020-09-28,3
2020-09-29,11
2020-09-30,6
2020-10-01,2
2020-10-02,6
2020-10-03,7
2020-10-04,7
2020-10-05,111
2020-10-06,739
2020-10-07,207
2020-10-08,29
2020-10-09,35
2020-10-10,105
2020-10-11,124
2020-10-12,92
2020-10-13,194
2020-10-14,130
2020-10-15,76
2020-10-16,110
2020-10-17,121
2020-10-18,63
2020-10-19,87
2020-10-20,186
2020-10-21,217
2020-10-22,259
2020-10-23,866
2020-10-24,368
2020-10-25,351
2020-10-26,541
2020-10-27,457
2020-10-28,335
2020-10-29,586
2020-10-30,633
2020-10-31,239
2020-11-01,397
2020-11-02,275
2020-11-03,409
2020-11-04,443
2020-11-05,383
2020-11-06,400
2020-11-07,449
2020-11-08,510
2020-11-09,356
2020-11-10,430
2020-11-11,635
2020-11-12,373
2020-11-13,468
2020-11-14,392
2020-11-15,704
2020-11-16,387
2020-11-17,401
2020-11-18,327
2020-11-19,439
2020-11-20,439
2020-11-21,491
2020-11-22,400
2020-11-23,337
2020-11-24,459
2020-11-25,502
2020-11-26,559
2020-11-27,473
2020-11-28,487
2020-11-29,496
2020-11-30,503
2020-12-01,545
2020-12-02,878
2020-12-03,628
2020-12-04,521
2020-12-05,669
2020-12-06,649
2020-12-07,703
2020-12-08,798
2020-12-09,697
2020-12-10,538
2020-12-11,762
2020-12-12,760
2020-12-13,655
2020-12-14,688
2020-12-15,643
2020-12-16,616
2020-12-17,650
2020-12-18,662
2020-12-19,618
2020-12-20,594
2020-12-21,370
2020-12-22,428
2020-12-23,580
2020-12-24,592
2020-12-25,551
2020-12-26,598
2020-12-27,674
2020-12-28,549
2020-12-29,460
2020-12-30,639
2020-12-31,597
2021-01-01,557
2021-01-02,515
2021-01-03,403
2021-01-04,468
2021-01-05,484
2021-01-06,522
2021-01-07,532
2021-01-08,525
2021-01-09,535
2021-01-10,540
2021-01-11,569
2021-01-12,588
2021-01-13,692
2021-01-14,670
2021-01-15,695
2021-01-16,719
2021-01-17,749
2021-01-18,688
2021-01-19,669
2021-01-20,770
2021-01-21,887
2021-01-22,787
2021-01-23,724
2021-01-24,843
2021-01-25,737
2021-01-26,755
2021-01-27,772
2021-01-28,892
2021-01-29,859
2021-01-30,848
2021-01-31,864
2021-02-01,826
2021-02-02,715
2021-02-03,711
2021-02-04,706
2021-02-05,735
2021-02-06,726
2021-02-07,772
2021-02-08,887
2021-02-09,976
2021-02-10,963
2021-02-11,942
2021-02-12,940
2021-02-13,796
2021-02-14,802
2021-02-15,774
2021-02-16,756
2021-02-17,722
2021-02-18,514
2021-02-19,517
2021-02-20,543
2021-02-21,519
2021-02-22,518
2021-02-23,492
2021-02-24,458
2021-02-25,466
2021-02-26,497
2021-02-27,460
2021-02-28,352
2021-03-01,310
2021-03-02,318
2021-03-03,356
2021-03-04,384
2021-03-05,350
2021-03-06,376
2021-03-07,359
2021-03-08,344
2021-03-09,304
2021-03-10,342
2021-03-11,304
2021-03-12,297
2021-03-13,314
2021-03-14,307
2021-03-15,331
2021-03-16,286
2021-03-17,338
2021-03-18,313
2021-03-19,322
2021-03-20,349
2021-03-21,354
2021-03-22,314
2021-03-23,251
2021-03-24,253
2021-03-25,271
2021-03-26,272
2021-03-27,278
2021-03-28,249
2021-03-29,215
2021-03-30,139
2021-03-31,264
2021-04-01,211
2021-04-02,211
2021-04-03,167
2021-04-04,141
2021-04-05,159
2021-04-06,177
2021-04-07,221
2021-04-08,343
2021-04-09,228
2021-04-10,284
2021-04-11,283
2021-04-12,263
2021-04-13,226
2021-04-14,117
2021-04-15,212
2021-04-16,237
2021-04-17,253
2021-04-18,357
2021-04-19,309
2021-04-20,367
2021-04-21,578
2021-04-22,672
2021-04-23,969
2021-04-24,895
2021-04-25,793
2021-04-26,997
2021-04-27,1111
2021-04-28,1466
2021-04-29,1531
2021-04-30,1662
2021-05-01,1716
2021-05-02,1891
2021-05-03,1923
2021-05-04,1914
2021-05-05,1939
2021-05-06,1895
2021-05-07,1914
2021-05-08,1896
2021-05-09,2672
2021-05-10,2624
2021-05-11,2568
2021-05-12,2429
2021-05-13,2269
2021-05-14,2289
2021-05-15,2386
2021-05-16,2275
2021-05-17,2456
2021-05-18,2518
2021-05-19,3623
2021-05-20,3443
2021-05-21,3547
2021-05-22,2909
2021-05-23,2959
2021-05-24,2971
2021-05-25,2728
2021-05-26,2377
2021-05-27,2584
2021-05-28,2850
2021-05-29,2882
2021-05-30,2859
2021-05-31,2912
2021-06-01,2877
2021-06-02,3306
2021-06-03,3297
2021-06-04,3410
2021-06-05,3103
2021-06-06,2976
2021-06-07,2646
2021-06-08,2682
2021-06-09,2735
2021-06-10,2738
2021-06-11,2789
2021-06-12,2354
2021-06-13,2361
2021-06-14,2284
2021-06-15,2334
2021-06-16,2436
2021-06-17,2372
2021-06-18,2349
2021-06-19,2248
2021-06-20,2028
2021-06-21,2131
2021-06-22,2093
2021-06-23,2196
2021-06-24,1941
2021-06-25,1876
2021-06-26,1825
2021-06-27,1867
2021-06-28,1890
2021-06-29,1717
2021-06-30,1864
2021-07-01,1883
2021-07-02,1823
2021-07-03,1262
2021-07-04,1573
2021-07-05,869
2021-07-06,934
2021-07-07,1243
2021-07-08,1270
2021-07-09,1537
2021-07-10,1548
2021-07-11,1507
2021-07-12,1568
2021-07-13,1413
2021-07-14,1540
2021-07-15,1484
2021-07-16,1517
2021-07-17,1452
2021-07-18,1420
2021-07-19,1487
2021-07-20,1554
2021-07-21,1604
2021-07-22,1721
2021-07-23,1815
2021-07-24,1737
2021-07-25,1666
2021-07-26,1665
2021-07-27,1711
2021-07-28,1940
2021-07-29,2370
2021-07-30,2460
2021-07-31,2150
2021-08-01,2537
2021-08-02,2420
2021-08-03,2425
2021-08-04,2561
2021-08-05,2674
2021-08-06,2794
2021-08-07,2815
2021-08-08,2956
2021-08-09,2953
2021-08-10,6145
2021-08-11,2987
2021-08-12,3039
2021-08-13,3152
2021-08-14,3263
2021-08-15,3435
2021-08-16,7106
2021-08-17,3609
2021-08-18,3676
2021-08-19,3806
2021-08-20,8647
2021-08-21,3884
2021-08-22,4304
2021-08-23,4355
2021-08-24,4446
2021-08-25,8967
2021-08-26,4602
2021-08-27,4591
2021-08-28,4596
2021-08-29,9962
2021-08-30,4562
2021-08-31,4221
2021-09-01,3828
2021-09-02,3627
2021-09-03,3644
2021-09-04,8058
2021-09-05,3308
2021-09-06,3182
2021-09-07,5914
2021-09-08,2917
2021-09-09,2856
2021-09-10,2842
2021-09-11,2802
2021-09-12,2642
2021-09-13,2560
2021-09-14,2475
2021-09-15,5466
2021-09-16,2271
2021-09-17,2078
2021-09-18,1986
2021-09-19,1733
2021-09-20,1518
2021-09-21,1321
2021-09-22,1342
2021-09-23,1368
2021-09-24,1332
2021-09-25,1159
2021-09-26,1078
2021-09-27,983
2021-09-28,932
2021-09-29,941
2021-09-30,912
2021-10-01,1398
2021-10-02,855
2021-10-03,802
2021-10-04,786
2021-10-05,784
2021-10-06,776
2021-10-07,772
2021-10-08,1387
2021-10-09,726
2021-10-10,720
2021-10-11,681
2021-10-12,671
2021-10-13,1346
2021-10-14,674
2021-10-15,666
2021-10-16,649
2021-10-17,578
2021-10-18,570
2021-10-19,548
2021-10-20,539
2021-10-21,555
2021-10-22,1115
2021-10-23,554
2021-10-24,555
2021-10-25,561
2021-10-26,556
2021-10-27,1119
2021-10-28,540
2021-10-29,556
2021-10-30,565
2021-10-31,1092
2021-11-01,566
2021-11-02,573
2021-11-03,581
2021-11-04,592
2021-11-05,628
2021-11-06,617
2021-11-07,626
2021-11-08,679
2021-11-09,718
2021-11-10,693
2021-11-11,715
2021-11-12,723
2021-11-13,716
2021-11-14,2042
2021-11-15,732
2021-11-16,720
2021-11-17,728
2021-11-18,737
2021-11-19,745
2021-11-20,725
2021-11-21,697
2021-11-22,735
2021-11-23,1499
2021-11-24,745
2021-11-25,740
2021-11-26,714
2021-11-27,719
2021-11-28,742
2021-11-29,747
2021-11-30,722
2021-12-01,744
2021-12-02,738
2021-12-03,725
2021-12-04,740
2021-12-05,746
2021-12-06,741
2021-12-07,748
2021-12-08,757
2021-12-09,744
2021-12-10,754
2021-12-11,762
2021-12-12,714
2021-12-13,747
2021-12-14,2545
2021-12-15,772
2021-12-16,758
2021-12-17,715
2021-12-18,695
2021-12-19,551
2021-12-20,524
2021-12-21,783
2021-12-22,603
2021-12-23,554
2021-12-24,573
2021-12-25,529
2021-12-26,398
2021-12-27,458
2021-12-28,479
2021-12-29,1597
2021-12-30,563
2021-12-31,499
2022-01-01,351
2022-01-02,339
2022-01-03,365
2022-01-04,629
2022-01-05,550
2022-01-06,584
2022-01-07,588
2022-01-08,580
2022-01-09,436
2022-01-10,461
2022-01-11,944
2022-01-12,653
2022-01-13,594
2022-01-14,677
2022-01-15,661
2022-01-16,690
2022-01-17,688
2022-01-18,672
2022-01-19,829
2022-01-20,827
2022-01-21,840
2022-01-22,845
2022-01-23,838
2022-01-24,877
2022-01-25,891
2022-01-26,927
2022-01-27,2523
2022-01-28,961
2022-01-29,982
2022-01-30,1056
2022-01-31,1082
2022-02-01,1137
2022-02-02,1156
2022-02-03,1181
2022-02-04,1243
2022-02-05,1287
2022-02-06,1331
2022-02-07,2212
2022-02-08,1253
2022-02-09,1263
2022-02-10,1297
2022-02-11,1259
2022-02-12,1162
2022-02-13,1150
2022-02-14,1231
2022-02-15,1252
2022-02-16,1217
2022-02-17,1235
2022-02-18,1282
2022-02-19,1273
2022-02-20,1231
2022-02-21,1206
2022-02-22,1254
2022-02-23,1281
2022-02-24,1208
2022-02-25,1286
2022-02-26,988
2022-02-27,977
2022-02-28,997
2022-03-01,914
2022-03-02,751
2022-03-03,711
2022-03-04,583
2022-03-05,639
2022-03-06,508
2022-03-07,662
2022-03-08,2859
2022-03-09,675
2022-03-10,580
2022-03-11,467
2022-03-12,347
2022-03-13,311
2022-03-14,345
2022-03-15,428
2022-03-16,320
2022-03-17,301
2022-03-18,288
2022-03-19,238
2022-03-20,236
2022-03-21,296
2022-03-22,1096
2022-03-23,562
2022-03-24,248
2022-03-25,234
2022-03-26,164
2022-03-27,93
2022-03-28,163
2022-03-29,232
2022-03-30,168
2022-03-31,178
2022-04-01,150
2022-04-02,104
2022-04-03,106
2022-04-04,112
2022-04-05,113
2022-04-06,126
2022-04-07,83
2022-04-08,80
2022-04-09,54
2022-04-10,33
2022-04-11,65
2022-04-12,60
2022-04-13,31
2022-04-14,27
2022-04-15,19
2022-04-16,33
2022-04-17,37
2022-04-18,48
2022-04-19,33
2022-04-20,61
2022-04-21,35
2022-04-22,50
2022-04-23,40
2022-04-24,29
2022-04-25,35
2022-04-26,44
2022-04-27,33
2022-04-28,29
2022-04-29,28
2022-04-30,33
2022-05-01,11
2022-05-02,35
2022-05-03,18
2022-05-04,43
2022-05-05,34
2022-05-06,17
2022-05-07,13
2022-05-08,28
2022-05-09,19
2022-05-10,17
2022-05-11,17
2022-05-12,18
2022-05-13,23
2022-05-14,8
2022-05-15,8
2022-05-16,7
2022-05-17,11
2022-05-18,31
2022-05-19,15
2022-05-20,6
2022-05-21,8
2022-05-22,9
2022-05-23,7
2022-05-24,14
2022-05-25,7
2022-05-26,14
2022-05-27,4
2022-05-28,8
2022-05-29,4
2022-05-30,7
2022-05-31,11
2022-06-01,4
2022-06-02,7
2022-06-03,8
2022-06-04,9
2022-06-05,7
2022-06-06,15
2022-06-07,11
2022-06-08,6
2022-06-09,16
2022-06-10,5
2022-06-11,15
2022-06-12,13
2022-06-13,10
2022-06-14,5
2022-06-15,7
2022-06-16,3
2022-06-17,9
2022-06-18,5
2022-06-19,8
2022-06-20,13
2022-06-21,8
2022-06-22,18
2022-06-23,11
2022-06-24,5
2022-06-25,13
2022-06-26,15
2022-06-27,10
2022-06-28,8
2022-06-29,12
2022-06-30,13
2022-07-01,15
2022-07-02,12
2022-07-03,17
2022-07-04,14
2022-07-05,13
2022-07-06,3
2022-07-07,20
2022-07-08,18
2022-07-09,21
2022-07-10,17
2022-07-11,19
2022-07-12,23
2022-07-13,30
2022-07-14,19
2022-07-15,25
2022-07-16,25
2022-07-17,34
2022-07-18,62
2022-07-19,62
2022-07-20,75
2022-07-21,57
2022-07-22,68
2022-07-23,72
2022-07-24,56
2022-07-25,75
2022-07-26,119
2022-07-27,154
2022-07-28,131
2022-07-29,164
2022-07-30,83
2022-07-31,113
2022-08-01,135
2022-08-02,90
2022-08-03,122
2022-08-04,146
2022-08-05,181
2022-08-06,167
2022-08-07,184
2022-08-08,180
2022-08-09,214
2022-08-10,227
2022-08-11,188
2022-08-12,162
2022-08-13,181
2022-08-14,96
2022-08-15,129
2022-08-16,195
2022-08-17,161
2022-08-18,166
2022-08-19,164
2022-08-20,140
2022-08-21,66
2022-08-22,103
2022-08-23,226
2022-08-24,105
2022-08-25,114
2022-08-26,58
2022-08-27,54
2022-08-28,56
2022-08-29,70
2022-08-30,74
2022-08-31,64
2022-09-01,61
2022-09-02,59
2022-09-03,50
2022-09-04,49
2022-09-05,42
2022-09-06,33
2022-09-07,46
2022-09-08,44
2022-09-09,35
2022-09-10,32
2022-09-11,36
2022-09-12,27
2022-09-13,30
2022-09-14,18
2022-09-15,22
2022-09-16,29
2022-09-17,13
2022-09-18,13
2022-09-19,21
2022-09-20,24
2022-09-21,14
2022-09-22,13
2022-09-23,17
2022-09-24,9
2022-09-25,15
2022-09-26,9
2022-09-27,14
2022-09-28,17
2022-09-29,14
2022-09-30,10
2022-10-01,7
2022-10-02,10
2022-10-03,15
2022-10-04,8
2022-10-05,7
2022-10-06,18
2022-10-07,6
2022-10-08,13
2022-10-09,12
2022-10-10,4
2022-10-11,11
2022-10-12,12
2022-10-13,3
2022-10-14,4
2022-10-15,15
2022-10-16,3
2022-10-17,8
2022-10-18,13
2022-10-19,10
2022-10-20,14
2022-10-21,11
2022-10-22,12
2022-10-23,5
2022-10-24,9
2022-10-25,12
2022-10-26,15
2022-10-27,7
2022-10-28,14
2022-10-29,8
2022-10-30,11
2022-10-31,17
2022-11-01,23
2022-11-02,15
2022-11-03,177
2022-11-04,8
2022-11-05,10
2022-11-06,8
2022-11-07,6
2022-11-08,16
2022-11-09,4
2022-11-10,15
2022-11-11,15
2022-11-12,22
2022-11-13,11
2022-11-14,14
2022-11-15,24
2022-11-16,0
2022-11-17,10
2022-11-18,16
2022-11-19,16
2022-11-20,8
2022-11-21,17
2022-11-22,24
2022-11-23,17
2022-11-24,23
2022-11-25,24
2022-11-26,16
2022-11-27,12
2022-11-28,4
2022-11-29,9
2022-11-30,20
2022-12-01,11
2022-12-02,5
2022-12-03,8
2022-12-04,8
2022-12-05,8
2022-12-06,3
2022-12-07,5
2022-12-08,3
2022-12-09,20
2022-12-10,3
2022-12-11,7
2022-12-12,4
2022-12-13,5
2022-12-14,9
2022-12-15,6
2022-12-16,17
2022-12-17,4
2022-12-18,11
2022-12-19,5
2022-12-20,4
2022-12-21,4
2022-12-22,10
2022-12-23,7
2022-12-24,5
2022-12-25,8
2022-12-26,4
2022-12-27,4
2022-12-28,4
2022-12-29,12
2022-12-30,4
2022-12-31,5
2023-01-01,7
2023-01-02,2
2023-01-03,5
2023-01-04,5
2023-01-05,3
2023-01-06,10
2023-01-07,7
2023-01-08,4
2023-01-09,2
2023-01-10,8
2023-01-11,5
2023-01-12,6
2023-01-13,6
2023-01-14,5
2023-01-15,4
2023-01-16,1
2023-01-17,2
2023-01-18,2
2023-01-19,2
2023-01-20,4
2023-01-21,2
2023-01-22,0
2023-01-23,5
2023-01-24,2
2023-01-25,1
2023-01-26,1
2023-01-27,1
2023-01-28,0
2023-01-29,1
2023-01-30,0
2023-01-31,1
2023-02-01,1
2023-02-02,2
2023-02-03,3
2023-02-04,1
2023-02-05,5
2023-02-06,0
2023-02-07,2
2023-02-08,1
2023-02-09,1
2023-02-10,1
2023-02-11,2
2023-02-12,0
2023-02-13,2
2023-02-14,3
2023-02-15,3
2023-02-16,1
2023-02-17,1
2023-02-18,1
2023-02-19,2
2023-02-20,1
2023-02-21,1
2023-02-22,1
2023-02-23,1
2023-02-24,1
2023-02-25,1
2023-02-26,0
2023-02-27,1
2023-02-28,2
2023-03-01,1
2023-03-02,1
2023-03-03,0
2023-03-04,1
2023-03-05,0
2023-03-06,2
2023-03-07,0
2023-03-08,2
2023-03-09,1
2023-03-10,2
2023-03-11,1
2023-03-12,0
2023-03-13,1
2023-03-14,2
2023-03-15,4
2023-03-16,1
2023-03-17,0
2023-03-18,3
2023-03-19,1
2023-03-20,1
2023-03-21,1
2023-03-22,4
2023-03-23,1
2023-03-24,2
2023-03-25,2
2023-03-26,0
2023-03-27,1
2023-03-28,4
2023-03-29,0
2023-03-30,1
2023-03-31,0
2023-04-01,5
2023-04-02,2
2023-04-03,1
2023-04-04,2
2023-04-05,4
2023-04-06,1
2023-04-07,2
2023-04-08,1
2023-04-09,2
2023-04-10,2
2023-04-11,1
2023-04-12,2
2023-04-13,3
2023-04-14,4
2023-04-15,2
2023-04-16,1
2023-04-17,2
2023-04-18,4
2023-04-19,8
2023-04-20,5
2023-04-21,4
2023-04-22,3
2023-04-23,2
2023-04-24,4
2023-04-25,3
2023-04-26,4
2023-04-27,7
2023-04-28,3
2023-04-29,6
2023-04-30,5
2023-05-01,7
2023-05-02,6
2023-05-03,6
2023-05-04,5
2023-05-05,6
2023-05-06,13
2023-05-07,8
2023-05-08,6
2023-05-09,6
2023-05-10,0
