dates,cumulativecount_medicalconditionincident_covid_19_patientdeceased
2020-01-03,0
2020-01-04,0
2020-01-05,0
2020-01-06,0
2020-01-07,0
2020-01-08,0
2020-01-09,0
2020-01-10,0
2020-01-11,0
2020-01-12,0
2020-01-13,0
2020-01-14,0
2020-01-15,0
2020-01-16,0
2020-01-17,0
2020-01-18,0
2020-01-19,0
2020-01-20,0
2020-01-21,0
2020-01-22,0
2020-01-23,0
2020-01-24,0
2020-01-25,0
2020-01-26,0
2020-01-27,0
2020-01-28,0
2020-01-29,0
2020-01-30,0
2020-01-31,0
2020-02-01,0
2020-02-02,0
2020-02-03,0
2020-02-04,0
2020-02-05,0
2020-02-06,0
2020-02-07,0
2020-02-08,0
2020-02-09,0
2020-02-10,0
2020-02-11,0
2020-02-12,0
2020-02-13,0
2020-02-14,0
2020-02-15,0
2020-02-16,0
2020-02-17,0
2020-02-18,0
2020-02-19,0
2020-02-20,0
2020-02-21,0
2020-02-22,0
2020-02-23,0
2020-02-24,0
2020-02-25,0
2020-02-26,0
2020-02-27,0
2020-02-28,0
2020-02-29,0
2020-03-01,0
2020-03-02,0
2020-03-03,0
2020-03-04,0
2020-03-05,0
2020-03-06,0
2020-03-07,0
2020-03-08,0
2020-03-09,0
2020-03-10,0
2020-03-11,0
2020-03-12,0
2020-03-13,0
2020-03-14,0
2020-03-15,0
2020-03-16,0
2020-03-17,0
2020-03-18,0
2020-03-19,1
2020-03-20,4
2020-03-21,4
2020-03-22,11
2020-03-23,11
2020-03-24,25
2020-03-25,34
2020-03-26,46
2020-03-27,57
2020-03-28,77
2020-03-29,92
2020-03-30,114
2020-03-31,136
2020-04-01,159
2020-04-02,201
2020-04-03,241
2020-04-04,299
2020-04-05,359
2020-04-06,432
2020-04-07,486
2020-04-08,553
2020-04-09,667
2020-04-10,800
2020-04-11,941
2020-04-12,1056
2020-04-13,1124
2020-04-14,1223
2020-04-15,1328
2020-04-16,1532
2020-04-17,1736
2020-04-18,1924
2020-04-19,2141
2020-04-20,2347
2020-04-21,2462
2020-04-22,2575
2020-04-23,2741
2020-04-24,2906
2020-04-25,3313
2020-04-26,3670
2020-04-27,4016
2020-04-28,4205
2020-04-29,4543
2020-04-30,5017
2020-05-01,5466
2020-05-02,5901
2020-05-03,6329
2020-05-04,6750
2020-05-05,7025
2020-05-06,7321
2020-05-07,7921
2020-05-08,8536
2020-05-09,9146
2020-05-10,9897
2020-05-11,10627
2020-05-12,11123
2020-05-13,11519
2020-05-14,12400
2020-05-15,13149
2020-05-16,13993
2020-05-17,14817
2020-05-18,15633
2020-05-19,16118
2020-05-20,16792
2020-05-21,17971
2020-05-22,18859
2020-05-23,20047
2020-05-24,21048
2020-05-25,22013
2020-05-26,22666
2020-05-27,23473
2020-05-28,24512
2020-05-29,25598
2020-05-30,26754
2020-05-31,27878
2020-06-01,28834
2020-06-02,29314
2020-06-03,29937
2020-06-04,31199
2020-06-05,32548
2020-06-06,34021
2020-06-07,35026
2020-06-08,35930
2020-06-09,36455
2020-06-10,37134
2020-06-11,38406
2020-06-12,39680
2020-06-13,40919
2020-06-14,41828
2020-06-15,42720
2020-06-16,43332
2020-06-17,43959
2020-06-18,45241
2020-06-19,46510
2020-06-20,47748
2020-06-21,48954
2020-06-22,49976
2020-06-23,50617
2020-06-24,51271
2020-06-25,52645
2020-06-26,53830
2020-06-27,54971
2020-06-28,55961
2020-06-29,57070
2020-06-30,57622
2020-07-01,58314
2020-07-02,59594
2020-07-03,60632
2020-07-04,61884
2020-07-05,63174
2020-07-06,64265
2020-07-07,64867
2020-07-08,65487
2020-07-09,66741
2020-07-10,67964
2020-07-11,69184
2020-07-12,70398
2020-07-13,71469
2020-07-14,72100
2020-07-15,72833
2020-07-16,74133
2020-07-17,75366
2020-07-18,76688
2020-07-19,77851
2020-07-20,78772
2020-07-21,79488
2020-07-22,80120
2020-07-23,81487
2020-07-24,82771
2020-07-25,84082
2020-07-26,85238
2020-07-27,86449
2020-07-28,87004
2020-07-29,87618
2020-07-30,88539
2020-07-31,90134
2020-08-01,91263
2020-08-02,92475
2020-08-03,93563
2020-08-04,94104
2020-08-05,94665
2020-08-06,95819
2020-08-07,97256
2020-08-08,98493
2020-08-09,99572
2020-08-10,100477
2020-08-11,101049
2020-08-12,101752
2020-08-13,103026
2020-08-14,104201
2020-08-15,105463
2020-08-16,106523
2020-08-17,107232
2020-08-18,107852
2020-08-19,108536
2020-08-20,109888
2020-08-21,111100
2020-08-22,112304
2020-08-23,113358
2020-08-24,114250
2020-08-25,114744
2020-08-26,115309
2020-08-27,116580
2020-08-28,117665
2020-08-29,118649
2020-08-30,119504
2020-08-31,120462
2020-09-01,120828
2020-09-02,121381
2020-09-03,122596
2020-09-04,123780
2020-09-05,124614
2020-09-06,125521
2020-09-07,126203
2020-09-08,126650
2020-09-09,126960
2020-09-10,127464
2020-09-11,128539
2020-09-12,129522
2020-09-13,130396
2020-09-14,131210
2020-09-15,131625
2020-09-16,132006
2020-09-17,133119
2020-09-18,134106
2020-09-19,134935
2020-09-20,135793
2020-09-21,136532
2020-09-22,136895
2020-09-23,137272
2020-09-24,138108
2020-09-25,138977
2020-09-26,139808
2020-09-27,140537
2020-09-28,141406
2020-09-29,141741
2020-09-30,142058
2020-10-01,142921
2020-10-02,143952
2020-10-03,144680
2020-10-04,145388
2020-10-05,145987
2020-10-06,146352
2020-10-07,146675
2020-10-08,147494
2020-10-09,148228
2020-10-10,148957
2020-10-11,149639
2020-10-12,150198
2020-10-13,150488
2020-10-14,150689
2020-10-15,150998
2020-10-16,151747
2020-10-17,152460
2020-10-18,153214
2020-10-19,153675
2020-10-20,153905
2020-10-21,154176
2020-10-22,154837
2020-10-23,155403
2020-10-24,155900
2020-10-25,156471
2020-10-26,156903
2020-10-27,157134
2020-10-28,157397
2020-10-29,157946
2020-10-30,158456
2020-10-31,158969
2020-11-01,159477
2020-11-02,159884
2020-11-03,160074
2020-11-04,160253
2020-11-05,160496
2020-11-06,161106
2020-11-07,161736
2020-11-08,162015
2020-11-09,162269
2020-11-10,162397
2020-11-11,162628
2020-11-12,162829
2020-11-13,163373
2020-11-14,164281
2020-11-15,164737
2020-11-16,165658
2020-11-17,165798
2020-11-18,166014
2020-11-19,166699
2020-11-20,167455
2020-11-21,168061
2020-11-22,168613
2020-11-23,168989
2020-11-24,169183
2020-11-25,169485
2020-11-26,170115
2020-11-27,170769
2020-11-28,171460
2020-11-29,171974
2020-11-30,172561
2020-12-01,172833
2020-12-02,173120
2020-12-03,173817
2020-12-04,174515
2020-12-05,175270
2020-12-06,175964
2020-12-07,176628
2020-12-08,176941
2020-12-09,177317
2020-12-10,178159
2020-12-11,178995
2020-12-12,179765
2020-12-13,180437
2020-12-14,181123
2020-12-15,181402
2020-12-16,181835
2020-12-17,182799
2020-12-18,183735
2020-12-19,184827
2020-12-20,185650
2020-12-21,186356
2020-12-22,186764
2020-12-23,187291
2020-12-24,188259
2020-12-25,189220
2020-12-26,190006
2020-12-27,190488
2020-12-28,190795
2020-12-29,191139
2020-12-30,191570
2020-12-31,192681
2021-01-01,193875
2021-01-02,194949
2021-01-03,195411
2021-01-04,195725
2021-01-05,196018
2021-01-06,196561
2021-01-07,197732
2021-01-08,198974
2021-01-09,200498
2021-01-10,201460
2021-01-11,202631
2021-01-12,203100
2021-01-13,203580
2021-01-14,204690
2021-01-15,205964
2021-01-16,207095
2021-01-17,208246
2021-01-18,209296
2021-01-19,209847
2021-01-20,210299
2021-01-21,211491
2021-01-22,212831
2021-01-23,214147
2021-01-24,215243
2021-01-25,216445
2021-01-26,217037
2021-01-27,217664
2021-01-28,218878
2021-01-29,220161
2021-01-30,221547
2021-01-31,222666
2021-02-01,223945
2021-02-02,224504
2021-02-03,225099
2021-02-04,226309
2021-02-05,227563
2021-02-06,228795
2021-02-07,230034
2021-02-08,231012
2021-02-09,231534
2021-02-10,232170
2021-02-11,233520
2021-02-12,234850
2021-02-13,236201
2021-02-14,237489
2021-02-15,238532
2021-02-16,239245
2021-02-17,239773
2021-02-18,240940
2021-02-19,242090
2021-02-20,243457
2021-02-21,244765
2021-02-22,245977
2021-02-23,246504
2021-02-24,247143
2021-02-25,248529
2021-02-26,249957
2021-02-27,251498
2021-02-28,252835
2021-03-01,254221
2021-03-02,254942
2021-03-03,255720
2021-03-04,257361
2021-03-05,259271
2021-03-06,260970
2021-03-07,262770
2021-03-08,264325
2021-03-09,265411
2021-03-10,266398
2021-03-11,268370
2021-03-12,270656
2021-03-13,272889
2021-03-14,275105
2021-03-15,277102
2021-03-16,278229
2021-03-17,279286
2021-03-18,282127
2021-03-19,284775
2021-03-20,287499
2021-03-21,290314
2021-03-22,292752
2021-03-23,294042
2021-03-24,295425
2021-03-25,298676
2021-03-26,300685
2021-03-27,303462
2021-03-28,307112
2021-03-29,310550
2021-03-30,312206
2021-03-31,313866
2021-04-01,317646
2021-04-02,321515
2021-04-03,325284
2021-04-04,328206
2021-04-05,330193
2021-04-06,331433
2021-04-07,332752
2021-04-08,336947
2021-04-09,340776
2021-04-10,345025
2021-04-11,348718
2021-04-12,351334
2021-04-13,353137
2021-04-14,354617
2021-04-15,358425
2021-04-16,361884
2021-04-17,365444
2021-04-18,368749
2021-04-19,371678
2021-04-20,373335
2021-04-21,374682
2021-04-22,378003
2021-04-23,381475
2021-04-24,383502
2021-04-25,386416
2021-04-26,389492
2021-04-27,390797
2021-04-28,391936
2021-04-29,395022
2021-04-30,398185
2021-05-01,401186
2021-05-02,403781
2021-05-03,406437
2021-05-04,407639
2021-05-05,408622
2021-05-06,411588
2021-05-07,414399
2021-05-08,416949
2021-05-09,419114
2021-05-10,421316
2021-05-11,422340
2021-05-12,423229
2021-05-13,425540
2021-05-14,428034
2021-05-15,430417
2021-05-16,432628
2021-05-17,434715
2021-05-18,435751
2021-05-19,436537
2021-05-20,439050
2021-05-21,441691
2021-05-22,444094
2021-05-23,446309
2021-05-24,448208
2021-05-25,449068
2021-05-26,449858
2021-05-27,452031
2021-05-28,454429
2021-05-29,456674
2021-05-30,459045
2021-05-31,461057
2021-06-01,461931
2021-06-02,462791
2021-06-03,465199
2021-06-04,467706
2021-06-05,469388
2021-06-06,470842
2021-06-07,472531
2021-06-08,473404
2021-06-09,474414
2021-06-10,476792
2021-06-11,479515
2021-06-12,482019
2021-06-13,484235
2021-06-14,486272
2021-06-15,487401
2021-06-16,488228
2021-06-17,490696
2021-06-18,493693
2021-06-19,496004
2021-06-20,498499
2021-06-21,500800
2021-06-22,501825
2021-06-23,502586
2021-06-24,504717
2021-06-25,507109
2021-06-26,509141
2021-06-27,511142
2021-06-28,512735
2021-06-29,513474
2021-06-30,514092
2021-07-01,515985
2021-07-02,518066
2021-07-03,520095
2021-07-04,521952
2021-07-05,523587
2021-07-06,524417
2021-07-07,525112
2021-07-08,526892
2021-07-09,528540
2021-07-10,530179
2021-07-11,531688
2021-07-12,532893
2021-07-13,533488
2021-07-14,534233
2021-07-15,535838
2021-07-16,537394
2021-07-17,538942
2021-07-18,540398
2021-07-19,541266
2021-07-20,542214
2021-07-21,542756
2021-07-22,544180
2021-07-23,545604
2021-07-24,547016
2021-07-25,548340
2021-07-26,549448
2021-07-27,549924
2021-07-28,550502
2021-07-29,551835
2021-07-30,553179
2021-07-31,554497
2021-08-01,555460
2021-08-02,556370
2021-08-03,556834
2021-08-04,557223
2021-08-05,558432
2021-08-06,559607
2021-08-07,560706
2021-08-08,561762
2021-08-09,562752
2021-08-10,563151
2021-08-11,563562
2021-08-12,564773
2021-08-13,565748
2021-08-14,566896
2021-08-15,567862
2021-08-16,568788
2021-08-17,569058
2021-08-18,569492
2021-08-19,570598
2021-08-20,571662
2021-08-21,572641
2021-08-22,573511
2021-08-23,574209
2021-08-24,574527
2021-08-25,574848
2021-08-26,575742
2021-08-27,576645
2021-08-28,577565
2021-08-29,578326
2021-08-30,579010
2021-08-31,579308
2021-09-01,579574
2021-09-02,580413
2021-09-03,581150
2021-09-04,581914
2021-09-05,582670
2021-09-06,583362
2021-09-07,583628
2021-09-08,583810
2021-09-09,584171
2021-09-10,584421
2021-09-11,585174
2021-09-12,585846
2021-09-13,586558
2021-09-14,586851
2021-09-15,587066
2021-09-16,587797
2021-09-17,588597
2021-09-18,589240
2021-09-19,589573
2021-09-20,590508
2021-09-21,590752
2021-09-22,590955
2021-09-23,591440
2021-09-24,592316
2021-09-25,592964
2021-09-26,593663
2021-09-27,594200
2021-09-28,594443
2021-09-29,594653
2021-09-30,595446
2021-10-01,596122
2021-10-02,596749
2021-10-03,597225
2021-10-04,597723
2021-10-05,597948
2021-10-06,598152
2021-10-07,598829
2021-10-08,599359
2021-10-09,599810
2021-10-10,600425
2021-10-11,600829
2021-10-12,601011
2021-10-13,601213
2021-10-14,601398
2021-10-15,601574
2021-10-16,602099
2021-10-17,602669
2021-10-18,603152
2021-10-19,603282
2021-10-20,603465
2021-10-21,603855
2021-10-22,604228
2021-10-23,604679
2021-10-24,605139
2021-10-25,605457
2021-10-26,605644
2021-10-27,605804
2021-10-28,606246
2021-10-29,606679
2021-10-30,607068
2021-10-31,607462
2021-11-01,607694
2021-11-02,607824
2021-11-03,607922
2021-11-04,608071
2021-11-05,608235
2021-11-06,608671
2021-11-07,609060
2021-11-08,609388
2021-11-09,609447
2021-11-10,609573
2021-11-11,609756
2021-11-12,610036
2021-11-13,610224
2021-11-14,610491
2021-11-15,611222
2021-11-16,611283
2021-11-17,611346
2021-11-18,611478
2021-11-19,611851
2021-11-20,612144
2021-11-21,612370
2021-11-22,612587
2021-11-23,612659
2021-11-24,612782
2021-11-25,613066
2021-11-26,613339
2021-11-27,613642
2021-11-28,613957
2021-11-29,614186
2021-11-30,614278
2021-12-01,614376
2021-12-02,614681
2021-12-03,614964
2021-12-04,615179
2021-12-05,615400
2021-12-06,615570
2021-12-07,615636
2021-12-08,615744
2021-12-09,616018
2021-12-10,616251
2021-12-11,616457
2021-12-12,616691
2021-12-13,616744
2021-12-14,616830
2021-12-15,616878
2021-12-16,616970
2021-12-17,617271
2021-12-18,617395
2021-12-19,617601
2021-12-20,617754
2021-12-21,617803
2021-12-22,617873
2021-12-23,617948
2021-12-24,618091
2021-12-25,618228
2021-12-26,618392
2021-12-27,618392
2021-12-28,618448
2021-12-29,618534
2021-12-30,618705
2021-12-31,618817
2022-01-01,618984
2022-01-02,619056
2022-01-03,619105
2022-01-04,619133
2022-01-05,619209
2022-01-06,619384
2022-01-07,619513
2022-01-08,619641
2022-01-09,619822
2022-01-10,619937
2022-01-11,619981
2022-01-12,620091
2022-01-13,620238
2022-01-14,620371
2022-01-15,620545
2022-01-16,620796
2022-01-17,620971
2022-01-18,621045
2022-01-19,621166
2022-01-20,621517
2022-01-21,621855
2022-01-22,622205
2022-01-23,622563
2022-01-24,622801
2022-01-25,623097
2022-01-26,623356
2022-01-27,623843
2022-01-28,624413
2022-01-29,625085
2022-01-30,625884
2022-01-31,626524
2022-02-01,626854
2022-02-02,627138
2022-02-03,628067
2022-02-04,628960
2022-02-05,630001
2022-02-06,630494
2022-02-07,631802
2022-02-08,632193
2022-02-09,632621
2022-02-10,633810
2022-02-11,635074
2022-02-12,636017
2022-02-13,637152
2022-02-14,638048
2022-02-15,638362
2022-02-16,638835
2022-02-17,639689
2022-02-18,640774
2022-02-19,641902
2022-02-20,643029
2022-02-21,643880
2022-02-22,644286
2022-02-23,644604
2022-02-24,645420
2022-02-25,646419
2022-02-26,647390
2022-02-27,647390
2022-02-28,648913
2022-03-01,649134
2022-03-02,649333
2022-03-03,649630
2022-03-04,650000
2022-03-05,650578
2022-03-06,651255
2022-03-07,651927
2022-03-08,652143
2022-03-09,652341
2022-03-10,652829
2022-03-11,653498
2022-03-12,654086
2022-03-13,654556
2022-03-14,654945
2022-03-15,655078
2022-03-16,655249
2022-03-17,655585
2022-03-18,655940
2022-03-19,656425
2022-03-20,656798
2022-03-21,657102
2022-03-22,657205
2022-03-23,657302
2022-03-24,657696
2022-03-25,657998
2022-03-26,658310
2022-03-27,658566
2022-03-28,658566
2022-03-29,658879
2022-03-30,658956
2022-03-31,659241
2022-04-01,659504
2022-04-02,659757
2022-04-03,660002
2022-04-04,660108
2022-04-05,660147
2022-04-06,660312
2022-04-07,660528
2022-04-08,660723
2022-04-09,660973
2022-04-10,661122
2022-04-11,661220
2022-04-12,661258
2022-04-13,661327
2022-04-14,661493
2022-04-15,661656
2022-04-16,661796
2022-04-17,661907
2022-04-18,661938
2022-04-19,661960
2022-04-20,662026
2022-04-21,662151
2022-04-22,662414
2022-04-23,662506
2022-04-24,662557
2022-04-25,662610
2022-04-26,662646
2022-04-27,662722
2022-04-28,662866
2022-04-29,663111
2022-04-30,663225
2022-05-01,663410
2022-05-02,663497
2022-05-03,663513
2022-05-04,663602
2022-05-05,663694
2022-05-06,663759
2022-05-07,663896
2022-05-08,664091
2022-05-09,664126
2022-05-10,664139
2022-05-11,664192
2022-05-12,664390
2022-05-13,664516
2022-05-14,664641
2022-05-15,664780
2022-05-16,664872
2022-05-17,664918
2022-05-18,664987
2022-05-19,665216
2022-05-20,665319
2022-05-21,665433
2022-05-22,665493
2022-05-23,665528
2022-05-24,665627
2022-05-25,665666
2022-05-26,665905
2022-05-27,666037
2022-05-28,666180
2022-05-29,666319
2022-05-30,666391
2022-05-31,666453
2022-06-01,666516
2022-06-02,666676
2022-06-03,666801
2022-06-04,666928
2022-06-05,666971
2022-06-06,666997
2022-06-07,667005
2022-06-08,667041
2022-06-09,667348
2022-06-10,667647
2022-06-11,667790
2022-06-12,667960
2022-06-13,668074
2022-06-14,668110
2022-06-15,668180
2022-06-16,668354
2022-06-17,668693
2022-06-18,668844
2022-06-19,668916
2022-06-20,669010
2022-06-21,669065
2022-06-22,669161
2022-06-23,669390
2022-06-24,669530
2022-06-25,669895
2022-06-26,670229
2022-06-27,670369
2022-06-28,670405
2022-06-29,670532
2022-06-30,670848
2022-07-01,671125
2022-07-02,671416
2022-07-03,671700
2022-07-04,671858
2022-07-05,671911
2022-07-06,672033
2022-07-07,672429
2022-07-08,672790
2022-07-09,673073
2022-07-10,673339
2022-07-11,673554
2022-07-12,673554
2022-07-13,673758
2022-07-14,674102
2022-07-15,674482
2022-07-16,674779
2022-07-17,675090
2022-07-18,675295
2022-07-19,675350
2022-07-20,675518
2022-07-21,675871
2022-07-22,676217
2022-07-23,676486
2022-07-24,676486
2022-07-25,676927
2022-07-26,676964
2022-07-27,677143
2022-07-28,677494
2022-07-29,677804
2022-07-30,678069
2022-07-31,678313
2022-08-01,678486
2022-08-02,678514
2022-08-03,678715
2022-08-04,679010
2022-08-05,679275
2022-08-06,679536
2022-08-07,679758
2022-08-08,679939
2022-08-09,679996
2022-08-10,680166
2022-08-11,680531
2022-08-12,680786
2022-08-13,681006
2022-08-14,681253
2022-08-15,681400
2022-08-16,681437
2022-08-17,681557
2022-08-18,681763
2022-08-19,682010
2022-08-20,682216
2022-08-21,682358
2022-08-22,682502
2022-08-23,682549
2022-08-24,682671
2022-08-25,682874
2022-08-26,683076
2022-08-27,683233
2022-08-28,683397
2022-08-29,683472
2022-08-30,683494
2022-08-31,683622
2022-09-01,683851
2022-09-02,683965
2022-09-03,684147
2022-09-04,684262
2022-09-05,684354
2022-09-06,684425
2022-09-07,684425
2022-09-08,684580
2022-09-09,684637
2022-09-10,684722
2022-09-11,684813
2022-09-12,684853
2022-09-13,684853
2022-09-14,684898
2022-09-15,685002
2022-09-16,685121
2022-09-17,685203
2022-09-18,685300
2022-09-19,685334
2022-09-20,685376
2022-09-21,685428
2022-09-22,685518
2022-09-23,685604
2022-09-24,685677
2022-09-25,685750
2022-09-26,685782
2022-09-27,685805
2022-09-28,685835
2022-09-29,685881
2022-09-30,685927
2022-10-01,685978
2022-10-02,686036
2022-10-03,686254
2022-10-04,686320
2022-10-05,686371
2022-10-06,686464
2022-10-07,686573
2022-10-08,686706
2022-10-09,686803
2022-10-10,686842
2022-10-11,686851
2022-10-12,686877
2022-10-13,686963
2022-10-14,687026
2022-10-15,687069
2022-10-16,687144
2022-10-17,687153
2022-10-18,687155
2022-10-19,687243
2022-10-20,687326
2022-10-21,687483
2022-10-22,687483
2022-10-23,687527
2022-10-24,687566
2022-10-25,687574
2022-10-26,687666
2022-10-27,687710
2022-10-28,687907
2022-10-29,687962
2022-10-30,688080
2022-10-31,688091
2022-11-01,688092
2022-11-02,688157
2022-11-03,688219
2022-11-04,688228
2022-11-05,688267
2022-11-06,688332
2022-11-07,688342
2022-11-08,688348
2022-11-09,688395
2022-11-10,688487
2022-11-11,688567
2022-11-12,688607
2022-11-13,688656
2022-11-14,688656
2022-11-15,688658
2022-11-16,688694
2022-11-17,688702
2022-11-18,688764
2022-11-19,688835
2022-11-20,688907
2022-11-21,688920
2022-11-22,688928
2022-11-23,689039
2022-11-24,689155
2022-11-25,689272
2022-11-26,689341
2022-11-27,689442
2022-11-28,689442
2022-11-29,689479
2022-11-30,689536
2022-12-01,689665
2022-12-02,689801
2022-12-03,689945
2022-12-04,690074
2022-12-05,690109
2022-12-06,690124
2022-12-07,690229
2022-12-08,690409
2022-12-09,690577
2022-12-10,690677
2022-12-11,690677
2022-12-12,690747
2022-12-13,690754
2022-12-14,691015
2022-12-15,691015
2022-12-16,691449
2022-12-17,691652
2022-12-18,691810
2022-12-19,691863
2022-12-20,691883
2022-12-21,692041
2022-12-22,692280
2022-12-23,692461
2022-12-24,692652
2022-12-25,692743
2022-12-26,692743
2022-12-27,692743
2022-12-28,692969
2022-12-29,693199
2022-12-30,693562
2022-12-31,693734
2023-01-01,693853
2023-01-02,693853
2023-01-03,693853
2023-01-04,693981
2023-01-05,694192
2023-01-06,694411
2023-01-07,694569
2023-01-08,694779
2023-01-09,694806
2023-01-10,694817
2023-01-11,694917
2023-01-12,694985
2023-01-13,695088
2023-01-14,695236
2023-01-15,695236
2023-01-16,695338
2023-01-17,695343
2023-01-18,695410
2023-01-19,695524
2023-01-20,695615
2023-01-21,696087
2023-01-22,696188
2023-01-23,696254
2023-01-24,696257
2023-01-25,696342
2023-01-26,696485
2023-01-27,696603
2023-01-28,696696
2023-01-29,696742
2023-01-30,696757
2023-01-31,696759
2023-02-01,696892
2023-02-02,697074
2023-02-03,697200
2023-02-04,697248
2023-02-05,697345
2023-02-06,697360
2023-02-07,697361
2023-02-08,697439
2023-02-09,697533
2023-02-10,697583
2023-02-11,697620
2023-02-12,697662
2023-02-13,697674
2023-02-14,697674
2023-02-15,697762
2023-02-16,697762
2023-02-17,697894
2023-02-18,698014
2023-02-19,698047
2023-02-20,698056
2023-02-21,698056
2023-02-22,698058
2023-02-23,698069
2023-02-24,698381
2023-02-25,698834
2023-02-26,698928
2023-02-27,698946
2023-02-28,698947
2023-03-01,699006
2023-03-02,699087
2023-03-03,699197
2023-03-04,699243
2023-03-05,699276
2023-03-06,699310
2023-03-07,699310
2023-03-08,699310
2023-03-09,699310
2023-03-10,699310
2023-03-11,699310
2023-03-12,699310
2023-03-13,699634
2023-03-14,699634
2023-03-15,699634
2023-03-16,699634
2023-03-17,699634
2023-03-18,699634
2023-03-19,699634
2023-03-20,699917
2023-03-21,699917
2023-03-22,699917
2023-03-23,699917
2023-03-24,699917
2023-03-25,699917
2023-03-26,699917
2023-03-27,699917
2023-03-28,699917
2023-03-29,699917
2023-03-30,700239
2023-03-31,700239
2023-04-01,700239
2023-04-02,700239
2023-04-03,700239
2023-04-04,700239
2023-04-05,700239
2023-04-06,700239
2023-04-07,700239
2023-04-08,700239
2023-04-09,700556
2023-04-10,700556
2023-04-11,700556
2023-04-12,700556
2023-04-13,700556
2023-04-14,700556
2023-04-15,700556
2023-04-16,700811
2023-04-17,700811
2023-04-18,700811
2023-04-19,700811
2023-04-20,700811
2023-04-21,700811
2023-04-22,700811
2023-04-23,701215
2023-04-24,701215
2023-04-25,701215
2023-04-26,701215
2023-04-27,701215
2023-04-28,701215
2023-04-29,701215
2023-04-30,701494
2023-05-01,701494
2023-05-02,701494
2023-05-03,701494
2023-05-04,701494
2023-05-05,701494
2023-05-06,701494
2023-05-07,701833
2023-05-08,701833
2023-05-09,701833
2023-05-10,701833
